1	不回复给差评了哈	anger
2	不给说明白，我明天投诉了。[发怒]	anger
3	为什么显示3615 这不是骗人吗	anger
4	为什么没给我发票[发怒][发怒]	anger
5	为什么要7号才能发货？[发怒]	anger
8	什么客服？都死啦	anger
9	但我手机妈的就是没内存，郁闷	anger
10	你他妈回答个问题怎么都回答不清楚	anger
12	你们公司 是不是用活动的行式 骗消费者 消费了 赠品就不给	anger
15	你们是期骗消费者	anger
16	你们这不是欺骗么说的24小时请我等电话。电话呢，亲	anger
17	你干鸡毛个傻逼客服啊，还我自己看，自己看还找你	anger
18	你成功的忽悠了我	anger
19	你是不是傻逼	anger
20	你的卷也是广告的一部分，你们这是虚假宣传，骗人。	anger
21	你这么说有点忽悠人，太不专业了。	anger
23	刚付款就没货？骗人吗？	anger
24	刚发的通知就没有，是不是骗人的	anger
25	别欺骗我，让我等半个月一类的，	anger
26	到底是给我发货还是退款？实在没办法我只能投诉了	anger
27	到我这边都两天了，就这办事效率，[发怒][发怒][发怒]	anger
28	前段时间看说活动40天，没几天就没了，忽悠人的呀	anger
29	加价卖，谁买谁傻逼	anger
30	反正你们苏宁不怕投诉	anger
32	啥都没有，要投诉你们欺骗消费者	anger
33	在哪里投诉	anger
34	垃圾苏宁	anger
35	垃圾	anger
36	大骗子	anger
37	奸细啊 [发怒]	anger
38	好气呀	anger
39	好的吧反正我已经投诉le	anger
40	妈的售前没人啊	anger
41	妈的	anger
44	小气苏	anger
48	很郁闷	anger
49	忽悠	anger
50	怎么操作的	anger
51	我中午会打你们南京那边的消协电话投诉的	anger
52	我他妈排的哪门子队	anger
53	我们打人工客服怎么没有投诉那一项呢	anger
54	我会投诉的	anger
56	我很生气！	anger
57	我很生气	anger
58	我感觉很心累	anger
60	我投诉你，	anger
61	我要咨询买hdni接口，你说没有，真让人生气	anger
62	我要投诉你们	anger
64	我要投诉	anger
65	我非常生气	anger
66	所以我很烦啊	anger
67	手表坏了的问题还没解决，不行我准备去你们总部投诉了	anger
69	投诉了昂	anger
70	投诉去	anger
72	投诉电话呢！	anger
75	操你妈粉色上面是多少钱，你你不会回答啊	anger
76	操你妈阿	anger
80	是不是忽悠人的呀	anger
81	是的，操你妈，我想，咋的，垃圾苏宁	anger
84	欺诈消费者	anger
85	欺骗消费群众啊	anger
88	欺骗视线	anger
89	死骗子	anger
94	烦死了	anger
95	然后我到时候会投诉的	anger
96	生气	anger
97	真的烦。	anger
98	真郁闷	anger
101	给差评了哈	anger
102	苏宁客服死光光了	anger
104	苏宁易购你们服务真他妈差	anger
105	苏宁这么差劲	anger
106	苏宁骗人广告	anger
107	草泥马你妈还给我那条玉溪	anger
109	让我很郁闷	anger
110	让我撞死算了	anger
111	设置有问题，要不你们就是打虚假广告，欺骗消费者	anger
112	赶紧答复我，要不我就投诉	anger
114	还是全家死了	anger
115	还是死妈了	anger
117	这不是骗人么	anger
118	那你图片上面的6388？我能不能算你在欺骗消费者	anger
120	阿哈哈哈我要气死了	anger
121	需要在电脑端操作，还很麻烦嘛？	anger
122	非得差评，加投诉才能有反应么	anger
123	靠 这不是欺骗客户嘛	anger
125	骗人啊这是	anger
126	骗人的，没有库存，页面哪里就不要讲有耳机送	anger
127	骗人的	anger
128	骗人	anger
130	骗子啊	anger
131	骗子	anger
132	[发呆] [发呆]	anger
133	[发呆] [发怒] [囧]	anger
134	[发怒]但是我想支付呀	anger
136	[发怒] [发怒]	anger
138	[发怒] [发怒] [发怒] [发怒]	anger
139	[发怒] [发怒] [发怒] [发怒] [发怒] [发怒]	anger
140	[发怒][发怒]	anger
141	[发怒][发怒][发怒]	anger
142	[发怒][发怒][发怒][发怒]	anger
143	[发怒][发怒][发怒][发怒][发怒]	anger
144	[大哭] [囧] [发怒]	anger
145	[愤怒]	anger
146	好郁闷	anger
148	愁死人了。	anger
149	搞死	anger
150	哦，谢谢，打扰您了。再见！	closing
151	哦，谢谢，88	closing
152	好的，谢谢了，再见了[微笑]	closing
153	谢谢你再见	closing
154	谢谢再见	closing
155	谢谢老板解惑，再见。	closing
157	谢谢，拜拜	closing
158	谢谢 再见	closing
164	跟你说话好辛苦	critics
165	跟你说话辛苦啊	critics
166	问第一次你回答另一边去问了第二次你才回答 ，和你说话辛苦啊	critics
167	也太差劲了吧	critics
168	你们回复有点慢	critics
169	你们在骗人	critics
170	你们太慢了！	critics
173	你们苏宁也太坑了吧	critics
174	你们这也太虚假了吧	critics
175	你们这送货速度也太慢了吧	critics
176	你们送货太慢了，	critics
179	你这个客服太慢	critics
181	发货速度好慢啊……	critics
182	啊，受不鸟	critics
184	回消息又慢	critics
185	太太慢了	critics
186	太慢了	critics
189	好慢啊	critics
190	客服也不回	critics
193	差评你们还不让看	critics
194	差评挺严重啊	critics
195	差评都有说这些	critics
196	差评	critics
197	差评 说的太可怕了 我有点怕	critics
198	很慢	critics
199	快点查啊，苏宁客服太慢	critics
200	怎么不回复了	critics
201	怎么不回复？？	critics
202	怎么不回答呢？	critics
204	怎么不回答啊	critics
205	怎么不回答	critics
206	怎么不回话	critics
208	慢的要死	critics
209	我要差评了	critics
210	有点慢啊	critics
212	没这么慢的	critics
213	物流也太慢了	critics
217	物流太慢	critics
218	物流好慢哦	critics
221	苏宁服务态度太差了说的送东西一样也没给返的差价用了70元就不能用了	critics
222	要不然也太坑了，你不觉得心里堵吗	critics
223	这么慢啊	critics
224	这也太坑了吧，没有了也不取消	critics
225	这也太坑了	critics
226	这也太慢了	critics
227	这速度也太慢了吧	critics
228	这都几天了也太慢了把	critics
230	在妈	greeting
232	不在吗	greeting
234	亲你还在吗	greeting
235	亲在不在呢	greeting
237	亲在不	greeting
238	亲在么	greeting
240	亲在吗	greeting
242	亲在	greeting
243	亲好，	greeting
244	亲好	greeting
245	亲怎么不说话了。。	greeting
246	亲您好	greeting
247	亲爱的	greeting
248	亲还在吗？	greeting
249	亲！	greeting
250	亲，下午好！	greeting
251	亲，你在线吗	greeting
252	亲，你好	greeting
253	亲，你好[微笑]	greeting
254	亲，在不	greeting
257	亲，在吗？？？？	greeting
258	亲，在吗？	greeting
260	亲，在没	greeting
261	亲，很急呢！	greeting
262	亲，您好！	greeting
263	亲，您好	greeting
265	亲？》	greeting
266	亲？在？	greeting
269	亲 亲 在吗	greeting
271	亲 你很忙么	greeting
274	亲 在不	greeting
275	亲 在吗	greeting
276	亲 在嘛	greeting
278	亲 还在吗？	greeting
279	亲.在吗	greeting
280	亲~·	greeting
283	人呢。	greeting
284	人呢都	greeting
285	人呢？客服在吗	greeting
286	人呢？？？？？？？	greeting
288	人呢？？	greeting
293	人呢^_^	greeting
294	人在不在？	greeting
295	人在不	greeting
297	人，人人	greeting
299	你到底在不在呢	greeting
300	你在不	greeting
301	你在么	greeting
302	你好、	greeting
303	你好。。	greeting
304	你好。人工客服。	greeting
306	你好亲，在吗？	greeting
308	你好你好	greeting
309	你好吗	greeting
310	你好呀	greeting
311	你好哦	greeting
312	你好啊	greeting
313	你好在不在	greeting
314	你好在不	greeting
316	你好在吗》	greeting
317	你好在吗问下事	greeting
318	你好在吗？	greeting
320	你好在哪	greeting
321	你好在啊	greeting
322	你好在嘛	greeting
323	你好在没？	greeting
324	你好客服在吗	greeting
325	你好客服	greeting
327	你好我	greeting
328	你好掌柜	greeting
329	你好有人吗	greeting
330	你好有在吗	greeting
331	你好请问在吗？	greeting
333	你好！在吗？	greeting
334	你好！在吗	greeting
335	你好！	greeting
336	你好，亲，在吗？	greeting
337	你好，在不	greeting
338	你好，在么	greeting
339	你好，在吗，亲	greeting
340	你好，在吗？	greeting
341	你好，在吗	greeting
343	你好，在否	greeting
344	你好，想问一下	greeting
345	你好，我	greeting
346	你好，有人在吗	greeting
347	你好，有人	greeting
348	你好，请问在吗？	greeting
349	你好，请问有人在吗？	greeting
351	你好，，	greeting
352	你好，	greeting
353	你好？	greeting
354	你好～	greeting
355	你好	greeting
357	你好 人工客服吗	greeting
358	你好 在么	greeting
359	你好 在吗、	greeting
360	你好 在吗？	greeting
361	你好 在吗	greeting
362	你好 在吗 亲	greeting
363	你好 在？	greeting
365	你好 客服在吗	greeting
366	你好 客服	greeting
367	你好 我咨询一下	greeting
369	你好!	greeting
370	你好,在吗?	greeting
371	你好?	greeting
372	你好m	greeting
374	你还在不	greeting
379	哈喽人呢	greeting
380	嗨喽，您好	greeting
381	嗯好的亲	greeting
383	在不‘’	greeting
384	在不亲	greeting
385	在不唉	greeting
386	在不啊	greeting
388	在不在。。	greeting
389	在不在不	greeting
390	在不在呀	greeting
391	在不在呢	greeting
393	在不在啊	greeting
394	在不在啦	greeting
396	在不在？！！！！	greeting
397	在不在？	greeting
398	在不在	greeting
400	在不在 客服	greeting
401	在不阿在不阿	greeting
403	在不，看到请回话	greeting
404	在不，	greeting
407	在不？	greeting
409	在不 、	greeting
410	在不 】	greeting
411	在不 亲	greeting
412	在不?	greeting
413	在么·	greeting
416	在么亲	greeting
417	在么在么	greeting
418	在么店家	greeting
420	在么，	greeting
421	在么？？	greeting
422	在么？	greeting
423	在么	greeting
424	在么 亲	greeting
425	在么~？	greeting
426	在吗‘’	greeting
427	在吗‘	greeting
429	在吗、	greeting
430	在吗。	greeting
431	在吗亲、、？、	greeting
432	在吗亲？	greeting
433	在吗亲	greeting
435	在吗在吗你肿么不怎么	greeting
436	在吗在吗在吗	greeting
439	在吗在吗	greeting
440	在吗客服	greeting
441	在吗有人吗	greeting
442	在吗请问	greeting
443	在吗！！！！！！？？？？	greeting
445	在吗，亲	greeting
446	在吗，在吗	greeting
447	在吗，说话啊	greeting
448	在吗，，	greeting
449	在吗，	greeting
450	在吗？亲	greeting
451	在吗？在吗	greeting
452	在吗？？？？？	greeting
456	在吗？?	greeting
457	在吗	greeting
458	在吗 亲	greeting
459	在吗 ？	greeting
460	在吗?	greeting
461	在哪嘛亲？	greeting
462	在在在	greeting
463	在没 亲	greeting
464	好的[亲亲]	greeting
465	妹妹还在吗？	greeting
466	姐，在吗	greeting
467	客服不在么	greeting
469	客服你好	greeting
470	客服在不在啊	greeting
471	客服在不在？	greeting
472	客服在不在	greeting
473	客服在不	greeting
474	客服在么？	greeting
475	客服在么	greeting
476	客服在伐？	greeting
477	客服在吗？	greeting
478	客服在吗	greeting
479	客服在否？	greeting
480	客服在？	greeting
482	客服，在吗？	greeting
483	客服，在吗	greeting
484	对方有人吗	greeting
485	小力，你在不在？	greeting
486	小土豆还在吗	greeting
487	尼玛逼到底有人没有	greeting
488	店主，在么？	greeting
491	您在么？	greeting
492	您在吗在吗	greeting
493	您在吗	greeting
498	您好在吗？	greeting
499	您好在吗	greeting
500	您好我想问下	greeting
501	您好还在吗	greeting
502	您好！	greeting
503	您好，在么？	greeting
504	您好，在吗？	greeting
505	您好，在吗	greeting
508	您好，还在吗？	greeting
510	您好：在吗？	greeting
511	您好？	greeting
513	您好 在么额	greeting
514	您好 在么	greeting
516	您好 有人在吗	greeting
517	您好!	greeting
519	我靠，人呢？	greeting
524	有人不	greeting
526	有人么	greeting
527	有人么 ？	greeting
529	有人吗。。。	greeting
530	有人吗说话呀？	greeting
531	有人吗，喂，摩西摩西	greeting
534	有人吗	greeting
536	有人吧	greeting
537	有人吱一声么	greeting
538	有人嘛？	greeting
539	有人回句话	greeting
540	有人回复吗	greeting
541	有人在么？	greeting
543	有人在吗。	greeting
544	有人在吗？？？	greeting
545	有人在吗？	greeting
546	有人在吗	greeting
547	有人在吗/	greeting
548	有人在嗎	greeting
550	有人在没有！！！	greeting
551	有人在没？	greeting
555	有人没啊	greeting
556	有人没有	greeting
557	有人没！！！！！！！！！	greeting
558	有人没？	greeting
559	有人没	greeting
560	有人？	greeting
561	有人	greeting
562	有在么	greeting
566	有没有人呢	greeting
569	有没有人在？	greeting
571	有没有人理我	greeting
572	有没有人？	greeting
573	有没有人	greeting
574	有没有优惠卷，亲	greeting
575	有现货吗亲	greeting
576	没人在吗？	greeting
577	没人在线	greeting
580	没有人吗	greeting
582	秦你好	greeting
583	美女在吗	greeting
587	老板 你好	greeting
588	请问你在吗？	greeting
590	请问在吗？	greeting
591	请问在吗	greeting
592	请问有人吗	greeting
594	还在不在啊	greeting
596	还在不	greeting
599	还在吗？	greeting
600	还在吗	greeting
601	还在吗 客服？	greeting
602	还在吗 ？	greeting
603	还是没有亲	greeting
605	还没有人接待我呢	greeting
607	？亲	greeting
609	？在吗	greeting
610	？有人在吗	greeting
611	？？？人呢	greeting
616	zai，	greeting
620	zai a	greeting
621	zaime	greeting
623	Hello	greeting
624	hi	greeting
625	hi,在吗	greeting
628	hi!	greeting
629	速度点亲	hurry
630	。。。。能快点儿吗	hurry
631	下单了哦，看看赶紧给我发货哈，有点急 [微笑]谢谢~	hurry
632	下单了，尽快安排送货哦	hurry
633	下单了，帮我尽快发货	hurry
634	下单了 请尽快发货 务必明天到达。	hurry
635	不急不急，别催我	neutral
636	不急	neutral
637	不急 就是想要个耳机	neutral
638	不是发顺丰快点的？	neutral
641	不要着急	neutral
642	不v发个尽快变成改变宝贝	neutral
644	亲，不要着急，我准备买32G的，现在看128G的价钱也不错，还差几百块，我去银行存一下	neutral
645	亲，你能快点不	hurry
646	亲，急啊	hurry
647	亲，能帮我催催我的东东啊，我下午急用	hurry
648	亲，麻烦快点	hurry
649	亲 快点给我发货哦 已经下单了	hurry
655	你好，我已经下单了，麻烦您帮我催一下，尽快发货	hurry
656	你好，我已经下单，请尽快发货，谢谢	hurry
657	你快点退钱我好买	hurry
658	你记得尽快尽快发货	hurry
659	催一下吧，急用	hurry
660	催尽快发货	hurry
661	卖家可以快点发货吗	hurry
663	可以发货快点吗	hurry
666	可以快点发货么	hurry
667	可以快点吗	hurry
668	可以快点嘛	hurry
669	可以快点送货吗	hurry
670	可以的话帮我加下急，谢谢你	hurry
671	可以，比较急	hurry
672	可以，能快点解决吗	hurry
673	可是我6号要上学了，能快点嘛	hurry
676	哦，付好了，尽快发货吧	hurry
678	哦，现在买今天能发货吗，我买手机急用的	hurry
679	嗯呢 快点啊	hurry
680	嗯嗯，麻烦尽快哈	hurry
681	嗯，尽快帮我发货	hurry
682	嗯，那就有劳尽快帮我发下	hurry
683	嗯~请尽快安排发货，谢谢	hurry
684	因为我是比较急着拿到的	hurry
686	因为真的着急要用	hurry
688	大哥。可以快点嘛	hurry
693	好心急啊，马上就要过期了	hurry
694	好的！快点，我要购买	hurry
696	好的，快点哦	hurry
697	好的，那能尽快发货不	hurry
700	好着急	hurry
702	好，请尽快，过节完之前最好	hurry
703	好 尽快	hurry
704	好 尽快 保证质量！	hurry
705	好 快点可以吗	hurry
706	好 请尽快	hurry
709	尽快发货吧	hurry
710	尽快发货哈	hurry
711	尽快发货哦	hurry
713	尽快发货	hurry
714	尽快吧？	hurry
716	尽快哦	hurry
717	尽快回复	hurry
718	尽快安排发货啊	hurry
720	尽快是多久	hurry
723	尽量发快点	hurry
724	尽量帮我快点发货，谢谢	hurry
727	己经下单了，要尽快给我发货哦！	hurry
729	已下单，请尽快发货	hurry
730	已付款。麻烦尽快发货。谢谢。	hurry
731	已支付尽快完成安排发货吧	hurry
732	已经付款，尽快发货	hurry
735	希望能尽快送到哦	hurry
736	帮我妈买的手机，麻烦能尽量快些，希望可以在他们旅游前能拿到手里	hurry
737	帮我尽快派送哦	hurry
739	快点发货	hurry
741	快点哦，等下手机万一没货就惨了	hurry
743	快点回信息	hurry
744	快点回我啊	hurry
745	快点回答	hurry
746	快点好吗	hurry
747	快点行不	hurry
749	快点行嘛	hurry
750	快点转	hurry
751	快点送货	hurry
752	快点，怎么办	hurry
753	快点，谢谢	hurry
754	快点，	hurry
755	快点	hurry
756	急急急	hurry
760	急用手机	hurry
764	急着啊	hurry
765	急着走	hurry
766	急等亲	hurry
767	急	hurry
768	您能快点么	hurry
770	我不急啊	hurry
771	我不急的	hurry
773	我也急，还没到	hurry
774	我也着急	hurry
777	我在你们家买了个手机，请尽快发货啊	hurry
778	我很急的要手机的啊	hurry
779	我很着急要	hurry
781	我急用	hurry
782	我急用 想马上拿到	hurry
783	我急着下单点不成	hurry
784	我想尽快拿到货	hurry
786	我想快点拿到	hurry
788	我想要快点收货的	hurry
789	我手机坏了着急用	hurry
790	我有个急事	hurry
791	我有急事，我是给我爸订的，希望早些收到，我好给我爸说说，我就外出了，望能谅解！	hurry
792	我有点着急	hurry
793	我比较急	hurry
795	我的快递我着急 到现在都没送到	hurry
797	我着急。	hurry
798	我着急用了	hurry
800	我老公手机坏了，急着用呢	hurry
802	我这个退货怎么审核怎么慢嘞	hurry
805	昨晚就是急着下单了	hurry
807	是啊 刚才一直支付不了 都急死了	hurry
808	比较急	hurry
809	没事，只是想手机快点到而已，谢谢	hurry
810	没有快点不	hurry
812	相当着急用手机	hurry
813	看时间了，要到8号才能到达，是不是太慢了啊	hurry
815	真的是买手机这种事情急不得啊	hurry
816	着急下单	hurry
817	着急想用	hurry
818	着急用啊	hurry
819	着急用	hurry
820	知道了，谢谢，我尽快	hurry
823	能不能加急下	hurry
825	能不能在快点	hurry
826	能不能尽快安排我的手机到货	hurry
828	能不能快点	hurry
830	能催一下，快点吗	hurry
832	能寄快点吗	hurry
836	能尽快给我安排麽	hurry
838	能快点发货吗？	hurry
839	能快点吗？	hurry
840	能快点吗	hurry
841	能快点回复我吗	hurry
845	请亲尽快发货哦	hurry
846	请尽快今天送到，谢谢！	hurry
847	请尽快发货，谢谢！	hurry
848	请尽快发货 等着用	hurry
851	谢谢～因为我很急，所以请尽量让我今天能取到	hurry
852	货款已付，请尽快安排发货，谢谢！	hurry
853	购买了。尽快发货	hurry
856	送个加急快递	hurry
858	那能快点吗？	hurry
860	麻烦尽快安排发货哦	hurry
863	麻烦快点转接	hurry
864	麻烦快点	hurry
866	麻烦您快点发货	hurry
867	麻烦mm快点帮忙安排发货吧	hurry
868	有没有手机膜之类的配件送啊？谢谢	neutral
869	不回话	neutral
871	亲亲	neutral
874	不想到时候不行，麻烦死了	neutral
878	不然我傻了让你给我小容量?	neutral
879	不能早点妈	neutral
880	不行我刚在电脑操作了	neutral
881	亲 子阿妈	neutral
883	今天天气不错	neutral
886	任何地区都是你们负责吗	neutral
887	你们有接到客户投诉意见什么的吗	neutral
889	你准确的回答，我操作的步骤	neutral
890	你告诉我怎么操作。	neutral
891	你好，我最近买了这个手机，真是太让我气氛了	neutral
894	你给个建议吧，给妈妈买	neutral
895	你负责解释	neutral
896	具体的操作流程~	neutral
897	刚才打你们客服电话说找在线客服解决，在线客服又让我找第三方客服，	neutral
898	到苏宁买我很放心	neutral
902	告诉我给现金怎样操作能成功交易！	neutral
903	哎呀我的妈呀，算了	neutral
904	哦好的，主要是我在上班寄在家里怕妈妈检查不来	neutral
905	哦怎么操作	neutral
906	哦，我很想买，只是在网上买这么贵的手机心里感觉有点担心	neutral
907	售后苏宁门店负不负责？实体店	neutral
908	售后问题谁来负责	neutral
911	在吗怎么做在名字妈妈再怎么	neutral
912	在哪调呢？不会操作	neutral
913	声音也要大些，而且容易操作	neutral
914	外放音质真心不好	neutral
915	好～正在操作	neutral
916	如果出了问题，苏宁负责吗	neutral
917	如果它没有耳机发过来我是不是可以到你这来投诉？	neutral
918	妈妈妈妈妈妈你那么	neutral
920	妈	neutral
921	子阿妈	neutral
922	客服客服客服！！！！！！！！！！！！	neutral
923	小傻瓜😏😏😏真是傻得可爱呢	neutral
924	就是电脑操作	neutral
925	开机验货必须签收后妈	neutral
926	很担心	neutral
927	怎么操作？亲	neutral
928	怎么操作？	neutral
930	怎么操作?	neutral
931	怎么负责	neutral
933	您这边不负责吗	neutral
935	感觉太麻烦了	neutral
936	感觉放心点	neutral
937	我买个妈妈用，不知道选哪一个了	neutral
938	我和我妈去散步，回聊	neutral
939	我妈妈是新用户	neutral
940	我小米max就是在你这儿买的，也是金色，红米Note3我买来送我妈的，她要银白色	neutral
941	我就担心没保障	neutral
942	我就担心质量问题呀	neutral
943	我怎么操作	neutral
944	我担心啊！看来我这样操作行不通。老了！沒有用了。	neutral
945	我换了个浏览器可以操作了	neutral
946	我是说操作系统的核心	neutral
947	我点确定就无法操做了	neutral
948	我特么打315投诉后给我发的货	neutral
950	我让我朋友发给我了	neutral
952	无法操作	neutral
953	是苏宁负责吗	neutral
954	有活动了 给我发下就是不是799的气候	neutral
956	没有搞毛	neutral
959	稍等，我操作	neutral
961	给我妈买	neutral
963	给我妈选一款手机	neutral
964	美女降价时候告诉我一声。谢啦！	neutral
965	苏宁不负责吗？	neutral
966	苏宁自营也不负责？	neutral
967	苏宁负责售后还是	neutral
968	苏泊尔燃气灶。	neutral
969	让我纠结下。选择障碍	neutral
971	请问还有耳机妈	neutral
972	还有售后服务是苏宁负责吗	neutral
974	这搞得我心里怕怕的	neutral
977	这边买也是你们负责的？	neutral
981	那谁负责？	neutral
982	麻烦告诉下	neutral
983	6点之前可以妈	neutral
984	TF卡 我用在 我妈放广播的 音像盒里 能用么	neutral
987	不好意思，刚才给你发图片的时候不小心发了我的资料照片。麻烦你删掉。谢谢😁	neutral
989	不考虑了谢谢，买其他的	neutral
990	两个都查一下谢谢	neutral
991	亲！麻烦发货检查好质量，不然会很麻烦的。谢谢	neutral
994	你帮忙催一下，谢谢了	neutral
995	你给我接一下谢谢	neutral
998	刚下单:7032456702这是订单号，麻烦落实下赠品，谢谢	neutral
1000	到货通知我吧，谢谢	neutral
1001	发货前请仔细检查下手机，千万别出什么质量问题，到时折腾你我都累，相信你们的专业，谢谢！	neutral
1002	另外手机为什么一点都没有电呢？麻烦回复谢谢！	neutral
1003	可以送个手机套吗 谢谢	neutral
1006	哦哦哦，基本不会出现这种情况，我等信用卡办下来了，就准备买了，到时候看嘛！谢谢	neutral
1008	哦好的谢谢！！过会用电脑试试	neutral
1011	哦 那我这里找不到了 谢谢 我去下单	neutral
1014	嗯嗯 谢谢 我买的是不是苏宁自营	neutral
1015	嗯行 谢谢基本没事了 一会我购买	neutral
1017	多检查一下质量，谢谢	neutral
1019	太诡异了，谢谢	neutral
1021	好滴谢谢啦，发票是不是随货送的	neutral
1022	好的。谢谢！大致什么时候能到呢？	neutral
1023	好的谢谢了长春今几天到	neutral
1024	好的谢谢啦，今天买明天就能到是吗	neutral
1025	好的谢谢，我去看看	neutral
1026	好的，谢谢了，明天没电话来的话，就直接在你们易购上买了	neutral
1027	好的，谢谢你。我这下单。	neutral
1028	好的，谢谢你啦，我就安心等手机啦[可爱]	neutral
1030	好的，谢谢，下个月会来么	neutral
1031	好的，谢谢，我现在下单明天就能到吧	neutral
1033	好的，谢谢，我考虑一下	neutral
1035	好的，谢谢，我还是想等128G	neutral
1036	好的，谢谢，收到就拍	neutral
1037	好的，谢谢，自提手机要注意点什么	neutral
1038	好的，谢谢， 我再看看	neutral
1040	好的 谢谢啦 售后怎么样	neutral
1041	好的 谢谢 我办不了就是我说	neutral
1042	好谢谢我等会拍	neutral
1044	对的，别忘记我的赠品耳机哈！谢谢！要黑色的	neutral
1045	就送一个嘛 谢谢啦	neutral
1046	差不多什么时候有货？谢谢	neutral
1047	已经取消，接着怎么弄，谢谢	neutral
1048	已经查询完了。 谢谢	neutral
1050	帮我催下今天发货吧，谢谢	neutral
1051	帮我催下，谢谢！	neutral
1052	帮我备注一下，一定要全新的哦，谢谢	neutral
1053	帮我改成白色谢谢。	neutral
1056	帮我转接一下，谢谢	neutral
1057	帮我转接订单的专门客服，谢谢了	neutral
1059	弄好了通知我一声好吧！谢谢	neutral
1060	弄好后麻烦说一下，谢谢你了，你们的售前服务很好	neutral
1062	恩谢谢这个耳机音质怎样！	neutral
1063	恩，裸机我知道的，价格有点儿贵了，谢谢啊。	neutral
1066	我再对比一下。辛苦了亲	neutral
1067	我准备买个大一些的.谢谢哦.我再比较一下.	neutral
1068	我现在去打球 一会我让我朋友教我 要是还有些不懂的可以问下你吗？谢谢	neutral
1069	我的相机是佳能单反70D能用这个卡吗？谢谢	neutral
1071	我还需要做什么？谢谢	neutral
1072	我这边刚打过电话了，快递员说在吃饭，谢谢啦	neutral
1074	打扰了 谢谢阿	neutral
1076	明天我就要收到货谢谢	neutral
1077	暂时不用，谢谢，考虑一下	neutral
1078	求介绍，谢谢	neutral
1079	没事的 送人的 不着急谢谢你	neutral
1081	没耳机不急了 谢谢你	neutral
1084	特意给你 特别好评 你的客服工号，我记下来了，如此热爱本职工作，以后会和贵集团高层的好朋友一定提到朋友你的。以上特别的长留言请备注记录..谢谢	neutral
1085	看到请回一个谢谢	neutral
1087	等6s plus 做活动再买吧 谢谢你的耐心解答	neutral
1088	算了，谢谢，我去天猫	neutral
1091	行，谢谢，如果现在下单什么时候能到？？	neutral
1092	说清楚一点 谢谢 我有点不懂	neutral
1093	说说谢谢	neutral
1094	请回答，谢谢	neutral
1095	请给我一个说法谢谢	neutral
1099	谢谢了我想想	neutral
1103	谢谢你了，你这有货可以通知吗	neutral
1106	谢谢啦，不用啦，我已经咨询过别人家店了	neutral
1107	谢谢您了，我持续关注，一有尊享版黑色我就下单	neutral
1109	谢谢我再看看吧	neutral
1117	谢谢，升4G合约，88套餐，意思是不是我话费每个月在多交88，	neutral
1118	谢谢，我一会儿去门店看看吧	neutral
1119	谢谢，我已下单付款了。	neutral
1121	谢谢，我考虑下	neutral
1122	谢谢，我还需要买数据线吗	neutral
1123	谢谢，无货	neutral
1124	谢谢，试过了，不能用	neutral
1125	谢谢，还有哪里不一样的，和64的比较？	neutral
1126	谢谢，这个还真不大。	neutral
1127	谢谢，那我把天猫苏宁的退了就拍	neutral
1128	谢谢，6splsu的呢？	neutral
1130	谢谢 我卡没绑成功 弄好再说 是从哪里发货 到海口多长时间	neutral
1131	谢谢 我在网上看了一下 两个有很大区别的 6s plus没有降价活动吗	neutral
1132	谢谢 我开机后再找你	neutral
1133	谢谢 收到货我就去门店拿。谢谢啦	neutral
1134	谢谢 没有其他问题了	neutral
1136	转一下售后，谢谢。。	neutral
1137	转一下，谢谢	neutral
1138	转接一下88321661 谢谢	neutral
1140	这款199的可以打接电话吗？谢谢	neutral
1143	那谢谢了，没其他问题了	neutral
1147	[流泪] 帮我把它改成白色不要红色谢谢	neutral
1148	一个仓库怎么就不能同步销售了，规矩死的，人是活的啊	neutral
1149	一号晚上付的钱 一天都还没出上海 慢啊	neutral
1150	七天无理由退货，现在又说不能退	neutral
1151	上午刚买就降价了	neutral
1152	上面的时间和电量可以看到，下面的屏幕是黑的	neutral
1153	上面的时间和电量可以看到，但是下面的屏幕是黑了。请问是怎么回事	neutral
1154	下面写着送金属耳机和内存卡	neutral
1155	不上移动购裸机等的时间太长，我受不了了，放弃购买	neutral
1156	不会等我买完，价格又变动了吧。	neutral
1157	不好意思哦 这边物流显示 已经发货 从上海 今天会到嘛 比较急的我	neutral
1158	不小心掉地上，屏幕坏了	neutral
1159	不是，我前两天买的，已经收到货了今天	neutral
1160	不满意又不能退货	neutral
1161	不能双击屏幕亮屏！	neutral
1163	不行我就退货了	neutral
1164	不要说订单保留24小时这句话我就不会找你了	neutral
1165	不说今天到的，，，怎么还没有啊	neutral
1166	两个手机的屏幕	neutral
1168	为啥不支持支付宝 愁人 微信也行啊	neutral
1169	为啥不送耳机了	neutral
1170	为啥买完就降价[撇嘴]	neutral
1171	为啥呀，痛苦死了，还是不让支付，就是那个提示过不去呢	neutral
1172	主要太慢了	neutral
1174	之前买的内存卡，现在用不了	neutral
1175	之前买的手机拨打电话的时候，对方听不见声音是什么情况	neutral
1177	之前买的ON7	neutral
1178	之前加入购物车了，但付不了款	neutral
1179	乐视下载速度慢	neutral
1180	也是在你们这买的	neutral
1182	买的人时候承诺的酒券和好评50元券在哪里？还没有呀	neutral
1184	买的手机为什么不发货	neutral
1186	买的手机内存太小	neutral
1187	买的手机怎么看物流啊？	neutral
1189	买的手机有木有意外保障	neutral
1190	买的手机颜色失真很严重屏幕像油画一样，是什么问题	neutral
1192	买的时候有写送耳机的，今天手机到了，怎么没耳机呢	neutral
1194	买的时候1349现在999才不到两个月降价350	neutral
1196	买的这款手表今天拆包办卡，回来电也充不了，没法用阿	neutral
1198	亲，买的手机充电器老是充不上电，有时可以有时不行	neutral
1199	亲，怎么老不回呀	neutral
1200	亲，您好，我今天刚去提的小米，现在用那个相机照相，怎么老是卡死	neutral
1201	亲，我买手机七天内降价一百元，当时联系客服，他说24小时内差价以优惠券形式返回我的账户，可是一直都没有到账	neutral
1202	亲，我买的苹果7信号很差，怎么回事	neutral
1204	亲，我购买的手机快递怎么还没有送来?	neutral
1205	亲，我这手机才刚到手就降价了，	neutral
1207	亲，物流怎么不动了	neutral
1208	亲 我之前在你家买的美图然后现在开机不起来	neutral
1209	人家那些手机都没出现这样！晕死！新机都这样	neutral
1210	什么处理器，我怕发热炸死朕，	neutral
1211	今天下午刚收到的，清晰度太差了，可以退货吗	neutral
1212	今天不到我就退货算了	neutral
1214	今天也是国庆，庆祝祖国生日，你们要有点表示一下啊	neutral
1216	今天买的手机还没发货啊	neutral
1218	今天买的明天收到吗	neutral
1219	今天买的话明天啥时候能到	neutral
1220	今天买的话	neutral
1221	今天付款又说不能	neutral
1223	今天刚拿到手机上浏览器的时候死机了这怎么办	neutral
1224	今天到货沒有耳机，	neutral
1225	今天又涨价了	neutral
1228	今天我买的小米Note3 货收到了 可是里面却没有配耳机	neutral
1229	今天我手机就坏了	neutral
1230	今天手机坏了	neutral
1231	今天收到手环，里面没有USB线	neutral
1235	今天正好15天，前两天就开始降价了吧	neutral
1236	今天没本来你们已经说好我的货到，可是到门店说没有这个订单呢，怎么回事，让我白跑一趟。	neutral
1237	从发布出来就开始抢一直没抢到，后来听说苏宁易购在卖，结果又是这样[大哭]	neutral
1238	以前买过一个酷派，现在所有的启动都停止运行了，郁闷	neutral
1239	但是使用感觉非常不好，机子像素太低，没有说的那么好，而且相机经常死机	neutral
1241	但是我刚买的手机 就出现黑屏 开不了机	neutral
1243	但让我搞不明白的是，你们32G的TF卡可以储存数据，因为我在电脑上，魅蓝note2还有其他一款手机上都可以储存数据	neutral
1244	你们不是说没有送耳机吗，今天怎么又有耳机送	neutral
1245	你们又不降价	neutral
1246	你们在线支付满199-10元	neutral
1247	你们家快递太慢呀，还没到	neutral
1248	你们家的快递有点慢	neutral
1249	你们怎么都是这样说着说着就没人了	neutral
1250	你们的发货速度怎么这么慢？我上回是看到说第二天可以送货才买的手机，第二天送不到我就退货了；这次你们显示是明天可以送货，但是刚才短信还是说明天送不到！	neutral
1251	你们的回答你们的回答太机智了我，我退个款都跟你们斗志斗勇了半天。真怕了已经搞得让我 也不知道是不是我买的时候2199你们发了之后是2299，看我少100块钱官方网站，你们就给我发个，不合格不好的，	neutral
1252	你们的线上服务反应太慢了	neutral
1254	你们这买的	neutral
1256	你们这款的差评率很高	neutral
1260	你们降价力度也太大了吧	neutral
1261	你刚刚又说不能用	neutral
1262	你刚才给我的页面打不开[睡觉]	neutral
1263	你发的打不开	neutral
1264	你发的链接我都打不开呢！	neutral
1265	你可是转啊，效率太慢了	neutral
1267	你好买的6s手机两个月，听筒间断有杂音，昨天晚上突然耳机也有杂音，根本不能用，以为是耳机的问题，换个手机用用是好的，那么就是手机的问题了，怎么解决？	neutral
1268	你好单买膜还有运费，不能和我买的手机并一起吗	neutral
1270	你好我买的手机，你们怎么接收帮我换货啊	neutral
1272	你好我想买个内存卡，我的手机是华为荣耀6扑啦私，这个内存卡我的手机能用吗	neutral
1273	你好我想问下我的手机出现黑屏，开不开机是怎么回事	neutral
1274	你好我这说送个小米活塞耳机也没有啊	neutral
1275	你好我10•1号买的手机。昨天收到 今天发现听筒有问题 声音很小 请问怎么处理？	neutral
1276	你好牛你直接回答我就可以啊 ，你又发这几句话过来浪费你时间	neutral
1277	你好蓝牙耳机提示音不是中文怎么调节	neutral
1278	你好问一下我想买个三星的内存卡，是不是所有的内存卡都适合三星手机上用	neutral
1279	你好！我买了个手机才买的刚到！打开手机就烫的不得了	neutral
1281	你好，今天拿到手机了，但是有个问题	neutral
1282	你好，你们的券我怎么不能领取？？？	neutral
1283	你好，刚领了一张优惠券 但是购买的时候找不到	neutral
1284	你好，前几天买一个红米NOTE3.今天充电的时候，USB接口插不进去手机。怎么回事？	neutral
1288	你好，后盖打不开怎么办	neutral
1290	你好，我之前拍的手机，没有付款成功，因为有事我说晚上回家，再付款，结果回到家，他说我超过限购次数，也不能拍了，待支付中也没有，怎么办	neutral
1292	你好，我买的zuk z2pro手机屏碎了，请问在哪里可以维修？	neutral
1296	你好，我刚在门店买了不到一周，这里就降价了，怎么办	neutral
1297	你好，我前两天买了这个手机结果昨天降价100块，能退差价嘛？	neutral
1298	你好，我前几天买的手机这么只有耳机	neutral
1299	你好，我前天买的这款手机	neutral
1301	你好，我在2016-03-03苏宁网购小米手机4S 高配全网通版 64GB 黑色 现在后置摄像头照相功能不能用提示 相机故障无法连接到相机，请重启手机。但是我重启手机多次和恢复出厂设置都不行	neutral
1302	你好，我头几天买的这款手机是6188	neutral
1303	你好，我想问下我购买的魅蓝3s能不能提前给我发下货	neutral
1304	你好，我想问在苏宁上买的苹果手机和在苹果专卖店买的手机所享受的售后服务政策是不是一模一样的？	neutral
1305	你好，我想问这手机屏幕分黄屏和白屏吗	neutral
1306	你好，我才买几天就降价100了，你们当时说的价保15天的嘛！	neutral
1308	你好，我昨天刚买的手机充电器的接头是坏的	neutral
1309	你好，我是用另一个账号买的7买的时候5688才过一天就降价了	neutral
1310	你好，我的手机屏幕摔坏了，怎么维修？	neutral
1311	你好，我购买了一部，今天收到货，速度很快，好评!然后发现一件很严肃的事情，我的发票呢？	neutral
1312	你好，我3月份买的一个手机，现在坏了，申请售后	neutral
1313	你好，我7月23日买的手机，现充电器渗油，不能充电了	neutral
1315	你好，手机屏幕有膜没	neutral
1316	你好，手机掉地上，里面碎掉了一点，你们可以维修吗？刚买一个月	neutral
1317	你好，手机给老人买的，没怎么用呢，电源键按不动了	neutral
1318	你好，现在我的手机都开不了机了，怎么办	neutral
1319	你好，该机开不了机，怎样处理，9月16日买的	neutral
1320	你好，这个内存卡适合所有能装内存卡的手机吗？	neutral
1322	你好，这款手机我前两天买时还是399，现在直接299，降价100	neutral
1323	你好 我申请售后 2号刚收到的手机 下载出现屏幕抖闪 卡屏 还有屏幕色差的问题	neutral
1324	你好 6月18号买的手机 现在出故障了	neutral
1325	你好9月13号买的手机充不进去电！	neutral
1326	你看看你们客户评价里面那些差评吧	neutral
1328	你说你查一下又说你们那面的手机有。你们是把在当皮球吗？	neutral
1329	你说是为啥呢 说好我就卖	neutral
1330	你这样又浪费时间，又让顾客感觉和你说话很辛苦	neutral
1331	你问下你们程序员是怎么设计的拍下商品马上付款都不能付款是怎么回事	neutral
1333	信号差的一逼，同样的卡同一个地方！人家手机4g满格我的尼玛两格信号都没有	neutral
1336	充电慢	neutral
1337	入耳的感觉太差，带不稳定	neutral
1339	关键这也慢太多	neutral
1340	具体怎么操作 我这边购买的	neutral
1341	内存好像一样啊[撇嘴][撇嘴]	neutral
1342	内心痛苦的说不出话	neutral
1343	写着要送耳机和内存卡但是赠品的位置点开只有一个内存卡	neutral
1344	刚买几天就降价 你们怎么这样	neutral
1346	刚买的怎么会这样	neutral
1347	刚买的手机不能开机	neutral
1349	刚买的手机只有手机和充电器	neutral
1350	刚买的手机怎么拨号键上面没有数字怎么回事	neutral
1351	刚买的手机才几天	neutral
1353	刚买的手机，，就黑屏了	neutral
1354	刚买的电话里面有照片怎么回事？	neutral
1356	刚买的ipone7,就降价啦	neutral
1357	刚买的x7就降价	neutral
1360	刚在你们这买的红米note4没有送耳塞，快递员说找客服	neutral
1362	刚才那人的态度太差了，你们是这样的生意的吗	neutral
1364	刚收到手机.发现怎么显示屏有很多白点,而且有些比较大.这是怎么回事?	neutral
1365	前两天买的手机到今天都没物流也太慢了吧	neutral
1368	前天买的这个手机，啷个第一次充电的时候手机很烫？	neutral
1369	前天买的mx6,耗电严重	neutral
1370	前摄像不能摄像怎么问事?	neutral
1372	前置摄像头模糊怎么回事	neutral
1373	前置摄像头	neutral
1375	加到购物车里显示的又是16g电信	neutral
1376	十天前买的苹果6s，信号很差，总是无服务 怎么办 可能买到翻新机了	neutral
1377	卧槽卧槽等我啊啊啊，我母上大人明天才给我存钱[难过]	neutral
1379	又说没货	neutral
1381	又降价100啊	neutral
1384	可是我这边刚刚查的，显示是交易成功。之前和您联系时也显示的是交易关闭。所以我这会儿才又和您联系的。	neutral
1385	号外！号外！红米Note 4，高端大气上档次，3G运行内存玩游戏不卡顿；64G机身内存下载视频再也不用担心内存不足了，4100mAh大电量超长待机，限时送小米活塞耳机，送完即止	neutral
1386	后摄像头很清晰	neutral
1387	后来又有了，我又买又说没了	neutral
1389	后盖打不开怎么办	neutral
1390	后盖打不开	neutral
1391	听语音显示耳机 但是我没有用耳机	neutral
1394	哎~一样的版本，就色不一样，也太大差别了吧	neutral
1395	哦，其实帮我转售后客服也好，就是买的手机，但是屏幕左右两侧内容显示不全，因为里面的手机屏幕被外层给遮挡住了一部分，所以图片上看电池的图标离手机好近。	neutral
1397	哪你们就是忽悠人这样说	neutral
1399	回复有点慢啊，同时接待多少人啊	neutral
1400	因为我是今天要送人，不行我就直接出去门店购买了，真的是太抱歉了	neutral
1402	图片打不开	neutral
1404	在淘宝买的	neutral
1405	在网上买的。手机上不好混合支付嘛	neutral
1406	太慢了，苏宁不是有半日达么	neutral
1407	好吧耳机没啥用啊给家里人买的	neutral
1408	好吧，我还是去门店买吧，你们速度慢啊，太差劲了	neutral
1409	好的，快点，你们苏宁系统这么差怎么跟淘宝、京东、国美比啊！[疑问]	neutral
1410	如何查询我买的手机是不是大陆行货？	neutral
1411	如果今天能拿到我就下	neutral
1412	如果又降价了呢	neutral
1413	如果对方的手机坏了，提供的手机号不能用了	neutral
1414	如果用手机端购买的又怎么处理	neutral
1416	对商家一直存有疑虑，就怕买的不是正品	neutral
1417	小米兔的儿童手机屏幕怎么看着不清晰啊	neutral
1418	就和平时一样往头上带的时候，就是很平常的往头上带，它就断了	neutral
1419	就是屏幕失灵	neutral
1420	就是怕买到后 有损坏 你们又没有保证 就完蛋了。。	neutral
1421	就是感觉到货时间太慢了	neutral
1423	就是我4月份买的苹果5s，到现在用了几个月了，就在昨天手机突然打不开，也充不进点，是什么问题哈，亲	neutral
1426	就是7plus一个是照相功能高，一个是屏幕和机身大小不一样，	neutral
1427	就说是熟人买的	neutral
1428	就这样怎么不行啊	neutral
1429	屏幕只出现小米的标志，关不了，也开不了	neutral
1430	屏幕右上方有片区域显示不好	neutral
1432	屏幕太大了啊	neutral
1433	屏幕失灵，不能接电话打电话，要求换货。	neutral
1434	屏幕左右两侧，显示不全内容，怎么个问题呢。	neutral
1437	屏幕有时候点上去都没有反应	neutral
1439	屏幕碎了可以维修的吗？	neutral
1441	屏碎了管保修不	neutral
1443	屏碎时在什么地方更换	neutral
1444	开不开机	neutral
1446	当我选择购买的时候就没有看到人任性付这一栏了啊	neutral
1447	很不爽啊，就隔了一天	neutral
1449	怎么回事啊，领完券用不了	neutral
1450	怎么我买的手机 还没收到就这样了	neutral
1451	怎么搞活动只搞一天	neutral
1452	怎么看到前置摄像头200万像素？	neutral
1454	怕我的小心脏承受不了啦	neutral
1459	您好，昨天我买的小米蓝牙耳机今天能给俺送到吗？怎么打了苏宁济南中心仓就没有动静了呢，我明天早上急用，您能帮俺催一下吗？	neutral
1460	您好，购买的sd卡帮忙看下是否发错货了，买的手机用的，发的相机用的	neutral
1462	您好, 购买的商品今天可以发货吗?	neutral
1463	感觉有点过不去，买个手机连耳机都没有。	neutral
1464	我两个多月钱在你们这里买了一张16G的内存卡，用了不到一个月，手机就检测不到内存卡了	neutral
1465	我之前买了一台， 用了不到一个月，，就和家人打架摔坏了	neutral
1466	我之前买的手机怎么没有发票啊！	neutral
1468	我之前买的时候是1299	neutral
1469	我之前买的有缺口，不能全部把手机屏幕铺满，那个是好多寸的哦	neutral
1470	我之前买的红米很卡	neutral
1472	我之前买的都有套子	neutral
1474	我之前买的 手机屏划不开了！手机还关不了机了怎么回事？	neutral
1475	我之前买的6S16G的，现在可以换大点内存的吗	neutral
1476	我之前买的iPhone 7通话声音特别小怎么办	neutral
1477	我之前买过一个乐视手机，屏幕碎了没有保修的吗	neutral
1479	我之前给了个差评	neutral
1480	我之前购买的r7s屏可能坏了，怎么办？	neutral
1481	我买了这张内存卡才两个多月，手机就跟内存卡不相容了	neutral
1486	我买的先锋M1手机外壳上有一条裂缝	neutral
1487	我买的华为荣耀5手机，我把两个卡装上（一个移动一个联通），只有卡2显示插入卡了，卡1显示无SIM卡状态。两个卡都轮换装上试了，只要装到卡2槽都有，就卡1槽不行	neutral
1488	我买的小米5开机怎么显示mi标志开不了机	neutral
1489	我买的小米5开机怎么老是mi界面	neutral
1490	我买的小米5，当时不是说有赠品耳机送的吗？怎么耳机没有收到？	neutral
1491	我买的小米max么用送耳机	neutral
1492	我买的手机不能用，晕死，现在怎么办，	neutral
1494	我买的手机为什么打电话的时候屏幕是黑的	neutral
1495	我买的手机也有电流声，怎么办？还特烫	neutral
1496	我买的手机今天就在配送，急着用，打快递员手机又不接	neutral
1499	我买的手机到了，没给送，我发打电话问问	neutral
1500	我买的手机到了	neutral
1501	我买的手机卡怎么发来的是大的	neutral
1502	我买的手机啥时候能送到？	neutral
1504	我买的手机怎么还没到	neutral
1505	我买的手机明明写的是在线支付4681元	neutral
1506	我买的手机昨天到了	neutral
1507	我买的手机没有给发票	neutral
1508	我买的手机没有送耳机	neutral
1509	我买的手机的时候怎么没有	neutral
1511	我买的手机还没到，就降价了	neutral
1513	我买的手机，还有一箱面包，	neutral
1514	我买的手机	neutral
1515	我买的手机 不间断的闪屏	neutral
1516	我买的时候是用别人的账号买的	neutral
1517	我买的时候是5388 还没发货 现在是5288了	neutral
1518	我买的时候没看到	neutral
1520	我买的时候5388元哦	neutral
1522	我买的有，等我回来付账的时候没了	neutral
1524	我买的联通版魅蓝METAL 16G 说好的耳机没看见 与你们的快递人员同时拆开验的货	neutral
1525	我买的苹果7今天刚到的 屏幕米黄色 和我的6S差很远 是什么原因	neutral
1529	我买的蓝牙耳机好大的杂音	neutral
1531	我买的这个手机屏幕破了，怎么弄	neutral
1532	我买的这个耳机，现在连上了苹果手机，但是连不上小米手机	neutral
1535	我买的魅蓝3s指纹键失灵坏了	neutral
1536	我买的MOTO z play,赠品是礼盒个蓝牙耳机啊	neutral
1539	我今天买的手机怎么又没耳机送呢	neutral
1541	我今天才拿到手机	neutral
1542	我今天早上买的这么还没到	neutral
1543	我今年一月买的x9，现在手机屏幕闪烁	neutral
1544	我今年5月底在苏宁买了乐视1s太子妃版的手机，今天不小心把屏幕摔烂了，能自费返厂修吗	neutral
1545	我以前买的时候都有	neutral
1546	我以前买的 没有注明运行内存	neutral
1547	我们有个同学就是在网上买的6S结果没用多久就坏了	neutral
1548	我八月份在苏宁买的魅蓝note3现在扬声器坏了	neutral
1549	我刚买了，这里就降价100	neutral
1550	我刚买的手机不想要了可以退嘛	neutral
1551	我刚买的手机刚打开就开不了机	neutral
1552	我刚买的手机就降价，	neutral
1553	我刚买的手机屏幕没有反应了	neutral
1554	我刚买的手机 你们这边变相的降价 赠送移动电源	neutral
1557	我刚买的红米note4通话时，都听不清对方的声音	neutral
1559	我刚买的6S怎么不能开蜂窝移动网络？？？？	neutral
1560	我刚买的x7手机屏上有条绿屏	neutral
1561	我刚刚买的红米Note4手机，今天刚刚收到了	neutral
1562	我刚收到机器你们今天就降价100了？	neutral
1563	我刚收到货 我买的时候也有这活动 为啥我没收到赠品	neutral
1565	我前两天在你这买的手机 现在听筒不好使	neutral
1566	我前俩天买的...现在才发现只有一个有声音	neutral
1567	我前几天买了二个，没有赠品，才过几天呀？你们变化也太快了吧？让我们消费者无妨承受呀！太让人失望了	neutral
1569	我前天买的手机 昨天刚收到 你们今天就降价	neutral
1570	我前期购买的这款手机，九月底才开始使用，手机待机状态下，为什么微信收到的消息都没有提示音？收到的视频聊天也听不都声音？什么原因？	neutral
1571	我加入购物车下面的新人券	neutral
1572	我去年买的手机	neutral
1573	我去指定的营业点维修，她说屏幕破碎。不在售保范围内	neutral
1578	我在天猫买过，他们发了一個旧的给我退货了，当时真的好气，下单的時候说的很清楚，说明他們对顾客沒有一点責任心	neutral
1579	我在易购买的手机 开不了机 申请退货	neutral
1581	我在苏宁买了一步手机屏幕碎了可能保修吗	neutral
1582	我在贵处自营店购买的金士顿16G10速小卡，近发现内存只有502.9MB、读取速度870KB/SEC、写入速度451KB/SEC，与我购买的卡的要求不符，请贵司近快处理，我的电话：13838932704.	neutral
1583	我在这里买的苹果手机现在出现很多问题	neutral
1584	我就怕你送来的时候我不在家	neutral
1587	我就是在网上购买的	neutral
1589	我就退了	neutral
1590	我年初买的手机	neutral
1591	我怕下单了，又降价了	neutral
1595	我才买了iphone6p怎么就降价了	neutral
1596	我才买的手机现在用券便宜了	neutral
1599	我托我朋友在苏宁买了个小米5陶瓷版，现在每天有个现象，打个电话一打完就出现屏幕反应慢，点那些图标不灵活，请问这是什么问题？我托我朋友在苏宁买了个小米5陶瓷版，现在每天有个现象，打个电话一打完就出现屏幕反应慢，点那些图标不灵活，请问这是什么问题？	neutral
1600	我提交订单，就降价了，客服说返无敌卷	neutral
1601	我收到的手机屏幕有问题 一条线	neutral
1603	我昨天下完单今天就降了50元	neutral
1604	我昨天买的手机今天还没有消息，我看贴吧上人家今天早上买的都发货了	neutral
1606	我昨天买的时候又说今天可以到	neutral
1608	我昨天刚买怎么就降了两百啊	neutral
1609	我昨天刚买的手机使用时间不长，屏幕就开始发烫这是什么情况？	neutral
1611	我理解了，不回和之前得同时存在就好	neutral
1612	我的乐2手机今天拿回来玩一下一直都在发烫，这是为啥	neutral
1613	我的手机不能下载，手机版本特别低，任何一个软件都不能下，下了就卡死了	neutral
1614	我的手机充不了电，开不了机，怎么办。	neutral
1615	我的手机屏幕坏了，换个屏幕要多少钱	neutral
1618	我的手机现在出现了屏幕点不动的现象，平时自己用的苹果手机，美图手机主要用来拍照，但是现在突然点不动了，怎么回事？	neutral
1620	我看到很多差评害怕[微笑]	neutral
1622	我看物流今天马上就到五常了，我晚上可不可以取，我真的特别急。我明天要出远门	neutral
1624	我自己慢慢看，謝	neutral
1625	我货还没送到就降价，要求退货	neutral
1626	我购买的手机经常会自动关机 还会死机	neutral
1629	我还有各乐视1的屏幕坏了	neutral
1630	我这个手机一拿回来屏幕就动不了了	neutral
1633	我这边在线支付的时候不行啊	neutral
1634	我钱都在支付宝里，现在又要转出来	neutral
1636	我27号向客服申请的补差价退无敌劵，到今天还没到，刚问客服，等了一会理人了，前面说的48小时之内到，现在都五六天了	neutral
1637	我3号用我表妹账号买的手机，显示今天送货，可是物流显示还没有到崇左呢	neutral
1638	我3月份买的小米4S手机，这段时间经常出现无法连接到网络，重启一下，一段时间过后又连不上了、	neutral
1639	我3月份买的小米4S手机，这段时间经常出现无法连接到网络，重启一下，一段时间过后又连不上了	neutral
1640	我5月买的手机 坏了 怎么办	neutral
1643	所以我才买的	neutral
1644	手机上网比较慢，有时甚至断网。我想换手机，可以不？直营店说在他们那买的，可以更好，但是易购买的就必须跟你们沟通。	neutral
1645	手机买了三天屏碎了	neutral
1646	手机今天晚上突然就没声音了	neutral
1647	手机今天突然自动关机，之后就开不起来	neutral
1648	手机今天第一天用，信号不满，一直差两个信号！	neutral
1649	手机今天第一天用，信号不满，一直差两格信号！	neutral
1651	手机内部零件是真的，换个屏幕别人也不知道啊，也说是真的。	neutral
1654	手机喇叭有时候响有时候不响是怎么回事啊！亲	neutral
1655	手机在保修内，现在屏幕上有点点	neutral
1657	手机屏幕有点问题	neutral
1658	手机屏幕有问题	neutral
1659	手机屏幕背光不均匀 底部两侧明显发暗	neutral
1660	手机屏幕	neutral
1661	手机屏碎了苏宁有售后服务吗	neutral
1662	手机拍照会拉死，屏幕变绿色	neutral
1663	手机有经常死机现象吗？	neutral
1665	手机老死机	neutral
1666	手机质量太差了	neutral
1667	手机频幕最下面电话那一排的功能键失灵，怎么回事	neutral
1669	手环突然没显示了，充电也不显示了怎么回事	neutral
1670	手表带质量也太差了	neutral
1671	手表打开包装，手表没电？但是充电又没反应呢	neutral
1672	才买两天就降价了，补差价啊	neutral
1674	才买的手机怎么充不了电啊？	neutral
1675	才买的手机	neutral
1677	打不开相机	neutral
1678	打不开？	neutral
1680	打开网页和app慢得惊人，无法忍受，其他还没试	neutral
1681	打算买的！他说不能用	neutral
1682	拍摄角度有偏差，正对脸，但是脸却不在屏幕中	neutral
1683	拍照 前摄像头：700万像素 后摄像头：700万像素	neutral
1684	拔了充电器也还是充电屏幕，无法开机	neutral
1685	提示都不是领完	neutral
1686	支付宝又用不了 不会支付 没用过信用卡	neutral
1687	数据线插手机那头发软 粘手 充电速度慢，怀疑数据线老化	neutral
1688	新买的手机话筒声音很小，到售后服务部说机器是拆过的	neutral
1691	昨天买的，今天会送到吗	neutral
1692	昨天买的 今天就又降了	neutral
1693	昨天怎么不能用券？今天券能用了又没货了	neutral
1697	昨天拍的手机，今天怎么还没送，显示上午9点就到哈尔滨了	neutral
1701	有的时候偶尔也会死机	neutral
1703	标注送耳机又不送了？	neutral
1704	没了就算了 我让上个客服叨叨晕了 有又没有的	neutral
1705	没有其他耳机了？我不喜欢这个耳机	neutral
1706	清晰度太低了	neutral
1707	点开半天网页都打不开	neutral
1708	现在出现屏幕抖闪 卡屏 还有屏幕色差的问题	neutral
1709	现在又显示无货了	neutral
1710	申请分期然后它就慢慢扣我卡上的钱还是怎么滴	neutral
1711	电池太不耐用，不到一天就没电了，我的要求不高，就一天	neutral
1712	看到差评都b	neutral
1713	看着差评很多	neutral
1714	线上购买的话 售后服务 保修这些怎么弄呢	neutral
1715	给爸爸买的，不喜欢白色[流泪]	neutral
1716	老板你好，手机收到了，但是手机有个问题，充电口太小，充电线插不进去	neutral
1718	老板，我买的手机没给我送取卡针啊？	neutral
1719	耳机也不提示送完了	neutral
1721	耳机没有送，如不送我要退货，要讲诚信。	neutral
1722	能不能反馈呀 福建肯定还有很多想买的	neutral
1724	自营 捷波朗 (Jabra) BT2046 灵犀 蓝牙耳机 【好配件，来苏宁】蓝牙耳机通用型，正品保证,放心购买,优质服务,安心享受！ +对比	neutral
1726	蓝牙耳机怎么不能挂电话	neutral
1727	订单上又没耳机了	neutral
1729	话说这支付方式也太单调了些	neutral
1731	说你们老板蠢嘛，又是那么个大老板，钱又多，智商不至于想不通这样的问题呀，可是又偏偏要这样，我晕了，	neutral
1732	说明书上购买写的选配是16G，但担心小了，又怕选大了用不了，求解	neutral
1735	请问我刚才买的手机有送耳机吗	neutral
1738	购买的手机屏幕有两根竖线，希望换货。	neutral
1740	还不回话么	neutral
1741	还有老是死机	neutral
1742	还24小时在线。 扯蛋	neutral
1743	这个内存卡是不是所有无线网络摄像头都能用	neutral
1744	这个太难看了= =	neutral
1745	这个手环放了一个月，再充电的时候，屏幕不亮了，	neutral
1747	这才几天就降价了	neutral
1750	这样我就放心了	neutral
1751	这样装死真的好嘛	neutral
1752	这款存储卡的写入速度实在是太慢了？是否是真的高速卡？比我之前的普通卡还要慢？	neutral
1753	这款手机屏幕坏了……有的换吗	neutral
1754	这款手机屏幕大，是不是易碎？	neutral
1759	这部手机突然屏幕坏了	neutral
1760	這還跟淘寶一樣 一個易付寶等於支付寶哈[得意] [撇嘴][撇嘴][撇嘴][撇嘴][流泪][流泪][流泪]那我怎麼辦啊 自己用剪刀行嗎	neutral
1761	那不敢买 我同事 买的 可以碎无数次 到时问问她哪里买的	neutral
1762	那些发货都很慢的	neutral
1763	那今天买的话	neutral
1764	那怎么又说商品完好无损	neutral
1765	那我买的是智能手机而不是4G手机会更慢吗	neutral
1767	郁闷啊，钱都备好了	neutral
1768	都说是翻新的，老是爱死机	neutral
1769	金士顿（Kingston）32G(CLASS10)存储卡(MicroSD)TF卡 手机内存卡/存储卡	neutral
1770	银白的不能加入购物车也不能买	neutral
1771	银色又太丑，现在的手机还有氧化不	neutral
1772	问一下，新买的手机怎么充电呢	neutral
1773	问你们什么都是不知道，诶[撇嘴][撇嘴][撇嘴][撇嘴]	neutral
1776	魅族像素感觉很不清晰	neutral
1777	魅族u20的慢镜头怎么是黑的	neutral
1778	魅蓝3升级到最新系统怎么屏幕上边有白条	neutral
1779	黑屏幕下有白点	neutral
1780	😳😳又换人了	neutral
1781	. 1、触摸失灵，无故乱响，待机时间短。 2、质量怀疑，安兔兔检测不出。山寨货。 3、多次提醒上传凭证。恶心。 4、买前承诺7天无理由退货。 明明周五送货，周四就完成了？流氓。 9031930065	neutral
1782	. 1、触摸失灵，无故乱响，待机时间短。 2、质量怀疑，安兔兔检测不出。山寨货。 3、多次提醒上传凭证。恶心。 4、买前承诺7天无理由退货。 明明周五送货，周四就完成了？流氓。 9031930065 什么进度了？ 请尽快处理好！	neutral
1783	1号买的手机，今天都4号了还没送到	neutral
1784	1日买的了，今天都4号了，怎么还没送达	neutral
1787	23号自提的手机 用了七八天后发现手机屏幕色调不均匀 一半蓝一半黄 怎么处理	neutral
1788	27号买的 现在连不上家里无线网	neutral
1789	27号到桂林，你们说30号就送到，结果30号没到，又说3号到	neutral
1790	3号买的，说17号送到，今天一点说6号送	neutral
1791	5000多买的 用了一个月 回收3000有点低	neutral
1793	[撇嘴] [撇嘴] [撇嘴]	neutral
1794	[撇嘴][撇嘴][撇嘴][撇嘴]	neutral
1795	[疑问][疑问][疑问][疑问][疑问][疑问]	neutral
1796	[疑问][疑问][疑问][疑问][疑问][疑问][疑问]	neutral
1798	[疑问][疑问][疑问][疑问][疑问][疑问][疑问][疑问][疑问][疑问][疑问][疑问][疑问][疑问][疑问][疑问][疑问]	neutral
1799	万一不送到呢	neutral
1800	不好意思呢 亲	neutral
1801	不对呀，亲	neutral
1803	不过你好幼稚😏	neutral
1804	为什么呢亲	neutral
1805	为什么呢 亲	neutral
1806	九天 你让我怎么理解呢亲	neutral
1807	买好了亲	neutral
1809	亲。发票一起邮寄吗？	neutral
1810	亲。可以不	neutral
1811	亲。最近苹果手机	neutral
1812	亲。 这个是不是全网通呢？	neutral
1813	亲不能微信支付吗	neutral
1814	亲亲他和你们是一家的吗，他很肯定的说他是	neutral
1815	亲亲，是在哪里发货的呢	neutral
1818	亲何时发货	neutral
1819	亲你好，小米max高配版送耳机吗	neutral
1820	亲回答下啊	neutral
1822	亲多少G的	neutral
1823	亲怎么付	neutral
1825	亲我不会验机啊？	neutral
1826	亲我不想看别的哦	neutral
1827	亲我有没有订单啊	neutral
1828	亲手机是正品吗	neutral
1829	亲手机有问题	neutral
1831	亲是不是正品	neutral
1836	亲看到了吧？	neutral
1837	亲看评论有人说机子只有11.7G是什么原因	neutral
1838	亲这个适合老人用吗	neutral
1839	亲魅族X5e有货嘛，发链接给我	neutral
1840	亲！还有耳机了么？	neutral
1841	亲！这手机现在送耳机吗	neutral
1842	亲！ 手机是原封吗	neutral
1843	亲，下单了	neutral
1845	亲，不是说在线分期费率低吗？	neutral
1846	亲，今天下单，8号能到别？	neutral
1847	亲，付款了	neutral
1849	亲，你们从哪里发的货呢	neutral
1850	亲，你们双十一有活动吗	neutral
1851	亲，你们有发票吗	neutral
1852	亲，你们有手机壳销售吗	neutral
1854	亲，你好 请问可以分期付吗	neutral
1855	亲，保修吗？	neutral
1856	亲，其他人也都这样哦啊	neutral
1857	亲，再问下	neutral
1859	亲，华为5x可以用吗	neutral
1860	亲，卡槽怎么打开吖？？	neutral
1862	亲，啥时候到货啊？	neutral
1863	亲，啥时到货，怎样查询啊	neutral
1864	亲，在么，这只是电信版的，移动联通好不可以用的吗？	neutral
1867	亲，您好，不能分期购买吗	neutral
1869	亲，我付完了	neutral
1870	亲，我准备拍了	neutral
1871	亲，我指的是激活，说错了	neutral
1872	亲，我用银行卡支付的	neutral
1873	亲，我的宝贝现在如何了？好几天了？	neutral
1874	亲，手机怎么装卡呢？	neutral
1875	亲，手机有钢化膜没	neutral
1876	亲，抱歉	neutral
1877	亲，支付成功	neutral
1878	亲，有没有耳机，数据线等	neutral
1879	亲，有现货吗	neutral
1880	亲，有联通版吗	neutral
1881	亲，有送手机壳的么	neutral
1882	亲，电信的号能用吗？	neutral
1883	亲，电子发票一栏没有啊	neutral
1886	亲，能吗？	neutral
1887	亲，裸机包括充电器耳机么	neutral
1889	亲，购机送不送钢化膜	neutral
1893	亲，这个送耳塞是吗	neutral
1894	亲，这是行货吗？	neutral
1895	亲，这款带测心率麽	neutral
1896	亲，这款手机声音大不	neutral
1897	亲，送东西吗？	neutral
1898	亲，选项只有16G电信版和礼盒版	neutral
1901	亲，麻烦您改为这个号码	neutral
1902	亲，麻烦转88271555	neutral
1904	亲～是这个哈	neutral
1905	亲 为何新人优惠券领不到	neutral
1908	亲 多久才有货呢？	neutral
1909	亲 宝贝有优惠吗	neutral
1910	亲 就不能真的少点吗	neutral
1911	亲 您好 麻烦问下 您这边是苏宁客服 还是厂家客服啊	neutral
1913	亲 我手机还没到呢. 我怎么会给你好评呢？ 等我手机到了的时候我在给你好评好么？亲 好的.	neutral
1915	亲 我说的是意外保	neutral
1916	亲 是手机壳没货	neutral
1917	亲 查完了吗	neutral
1918	亲 看评价里说领券减一百	neutral
1919	亲 给带一个吧	neutral
1920	亲 能换到之前的客服吗	neutral
1922	亲 还在么 我能现在下单然后补增值税的开票信息 然后再麻烦贵公司给我开发票么	neutral
1923	亲 这个充电头三星手机适用不	neutral
1924	亲 这是全网通?	neutral
1925	亲 麻烦你给我催一下哦	neutral
1926	亲:小米maX128G的还有吗?	neutral
1927	亲~还没可以么~	neutral
1930	会有人吗	neutral
1931	但是没有人工服务	neutral
1932	你以后不要喊我亲了	neutral
1933	你们没有售后人工电话吗亲	neutral
1934	你先回答我的问题亲	neutral
1935	你好。有乐1sX500吗	neutral
1936	你好亲！怎么领不到优惠券呀？	neutral
1938	你好公开版	neutral
1939	你好在么 可以给我送货的手机号么	neutral
1940	你好小米note3	neutral
1941	你好我的手环充不进电了	neutral
1942	你好手机今天才收到	neutral
1944	你好耳机有没有	neutral
1945	你好请问几时有人过来收机	neutral
1947	你好这款有耳机么	neutral
1948	你好送耳机	neutral
1949	你好防水吗	neutral
1950	你好！人家才买1378元，可退吗？	neutral
1951	你好！小米bote4,国庆有啥活动！	neutral
1953	你好，产品己收到	neutral
1954	你好，别人代取货可以吗	neutral
1958	你好，我机子出现问题。	neutral
1960	你好，米兔手表买来都没电吗？	neutral
1964	你好，8.13号买的	neutral
1966	你好 宝贝已收到	neutral
1967	你好 有32g的嗎？	neutral
1969	你好 现在有送耳机吗	neutral
1971	你好 诺基亚手机听筒不灵了	neutral
1974	你好 还在工作吗？	neutral
1975	你好 這個電信版的是全網通嗎	neutral
1976	你好oppor9能用吗，连接u盘	neutral
1978	你确定吗亲	neutral
1979	六亲不认	neutral
1980	其他人呢	neutral
1982	减了～亲	neutral
1985	到底在不在	neutral
1986	加入购物车呢？	neutral
1987	卖家您好	neutral
1988	发票有吧亲	neutral
1989	可从想想办法，送一副小米耳机吧[亲亲][亲亲]	neutral
1990	可以分几期的亲	neutral
1992	可是我怕我送来了家里没有人啊	neutral
1993	可7先进么，亲，我很矛盾	neutral
1994	咋回事啊？人呢	neutral
1995	售后的话是全国联保吗亲	neutral
1996	嗯嗯 我唯爱我的鹿男神[亲亲]	neutral
1997	嗯，人不在家。国庆在 外面	neutral
1998	嗯，好的亲	neutral
1999	嗯 好的亲	neutral
2000	噢 我看之前有人领了100元的券	neutral
2001	回来怎么激活，亲？	neutral
2002	国庆节莫送东西不亲	neutral
2004	在不是直营的买	neutral
2005	在不老板	neutral
2006	在不，有发票吗	neutral
2007	在吗在吗在吗怎么做没怎么没这么慢在吗在吗在吗在吗	neutral
2009	在吗，分9期平均一个月多钱	neutral
2010	在吗，发票怎么办呀	neutral
2012	在哪里发货的亲	neutral
2013	在开呢	neutral
2014	在路上不会，有人开封吧	neutral
2015	大屏很易碎吗？亲	neutral
2016	她人在不在	neutral
2017	好的亲	neutral
2018	好的哦亲	neutral
2019	好的麻烦您了亲	neutral
2020	好的，亲爱哒	neutral
2023	对了亲	neutral
2024	就是现在吗	neutral
2026	师傅怎么给验机呢 亲	neutral
2027	帮忙开一下吧[亲亲]	neutral
2028	店主在不	neutral
2029	快递师傅给激活吗 亲	neutral
2031	您好！请问有酷派360f4吗？	neutral
2032	您好！购买MX63G版配件是否包含耳机呢	neutral
2033	您好，咱们物流大概几天能到	neutral
2034	您好，我购机发票遗失，如何进行保修	neutral
2036	您好，请问手环USB接口在哪	neutral
2037	您好，这个是双卡双待吗	neutral
2038	您好 哪款卡松下gf8相机适用呀	neutral
2039	您好 我的免息 不让用	neutral
2040	您好 我问下 iPhone6 裸机是行货标配的吗	neutral
2041	您好 碎屏保是官方的 还是苏宁的	neutral
2042	您好 耳机要白色可以？	neutral
2043	您好'下载移动客户端有优惠券'在哪里领呢	neutral
2045	感觉有点在不该省的地方省钱夜	neutral
2046	我卡里钱现在不够。。。	neutral
2047	我在这出差半年呢	neutral
2048	我在这里没有人给我	neutral
2050	我怕到时候我不在学校	neutral
2051	我找客服都没有人回答	neutral
2052	我是替人买的，人家现在不要了	neutral
2053	我有个 [满69元用6元] 有效期 2016-09-14 至 2016-10-08 在不用 就到期了	neutral
2055	我用的优惠券还在吗	neutral
2056	我看到有人评论说没有客服理睬	neutral
2057	我看到有人领取的是100的啊	neutral
2059	我看评论，有人有同样情况	neutral
2060	我自己亲身经历我不懂啊	neutral
2061	我还以为你们没人在呢	neutral
2062	打电话没有人接听	neutral
2063	按亲？	neutral
2064	支付完了亲	neutral
2066	明天虽然在上海可是不在家 没有人收货	neutral
2069	是双卡吗亲	neutral
2070	是正品国行吧亲	neutral
2071	是的亲	neutral
2072	有人反应过这个问题吗	neutral
2076	有礼品吗亲	neutral
2078	没有人回答吗？	neutral
2079	没有人工服务	neutral
2080	没有猫腻是不可能的，亲	neutral
2082	版本 那亲	neutral
2083	现在不下	neutral
2084	现在不好使了[大哭]	neutral
2085	现在不是显示暂时没货呀	neutral
2086	现在不是有电流门	neutral
2088	现在不能买？	neutral
2089	现在不能支付？	neutral
2090	现在不送么	neutral
2095	能不能帮我转到售后部那里？[亲亲]	neutral
2097	评价说有人买到翻新机啊	neutral
2100	请描述您遇到的问题你好	neutral
2101	请问一下是不是耳机赠送，亲	neutral
2102	赠送手机壳吗 亲	neutral
2104	转接啊，亲	neutral
2105	转的客服不在吗	neutral
2107	这个合约机是啥意思亲人	neutral
2108	这个小米手环主要有啥功能呢亲	neutral
2109	这个都有什么赠品亲亲	neutral
2110	送不送屏碎保险亲	neutral
2113	那再有活动吗亲？	neutral
2115	那边没人呢	neutral
2117	16g比64g便宜900元？我的亲哟	neutral
2118	[大哭] 电话打一直没有人接	neutral
2120	你别急	neutral
2121	你太心急了	neutral
2122	信用卡返钱太慢了	neutral
2124	可以 我问两三次了 没人正面回答我的问题 只是说在维护在加急	neutral
2125	嗯嗯 不急	neutral
2127	好的，不急	neutral
2128	好的，不着急	neutral
2129	客服你好，因为临时有点急事，现在还能修改收货地址吗	neutral
2131	我只想知道，今天下午5点之前能送到我的手里吗？有点着急	neutral
2133	我现在下单，明天可以收到嘛？急用	neutral
2134	我这个快递什么时候才能送过来？我着急用	neutral
2135	现在修改还来的急吗	neutral
2136	考虑先，不急用	neutral
2137	要不然实在对于真着急用手机的我无法接受	neutral
2140	这两天就走了，没人给孩子设置她没法用，可以快点吗？我出邮费也行	neutral
2142	页面提示7号才会到，这个物流不能快点吗	neutral
2143	麻烦你帮我加个急发货吧。我很急。明天上午一定得收到。	neutral
2144	😭说好的快点发货，结果发短信来说7号发货	neutral
2145	8号不在家，有点麻烦了	neutral
2147	好的，谢谢。怎么转接啊？	neutral
2148	你也不用客气，都是劳动人民，放假了还都在上班，辛苦了	praise
2149	你们值班辛苦了	praise
2151	你们这的客服比天猫苏宁的客服态度好一万倍	praise
2154	嗯嗯 辛苦了	praise
2155	嗯 谢谢你 国庆加班快乐	praise
2157	国庆节辛苦了	praise
2160	好的，谢谢了，感谢你的服务	praise
2161	好的，谢谢你，加班辛苦了	praise
2162	好的，谢谢您！祝节日快乐！	praise
2163	好的 辛苦了	praise
2164	妹子还是注意休息比较合算，下了！谢谢楼主！祝你能获得一个假期！	praise
2165	小妹辛苦了	praise
2166	总之谢谢你啦，辛苦啦！	praise
2167	感谢。辛苦	praise
2168	我的天，真辛苦	praise
2169	没有。辛苦了！国庆快乐！！！	praise
2170	谢谢你！节日快乐哈！	praise
2171	谢谢啦 苏宁易购服务客服超一流的服务 👍	praise
2172	谢谢好评	praise
2173	谢谢您的帮助，客户服务为满分，除了好评暂未找到其他评价选项	praise
2174	辛苦了亲	praise
2176	辛苦了	praise
2177	辛苦，谢谢！	praise
2178	辛苦	praise
2181	[再见]恩 谢谢你的解答 祝你幸福	praise
2182	你这样讲我就放心了	praise
2184	我给你好评	praise
2185	拿到手机给你好评	praise
2186	给您好评	praise
2187	[胜利]早点休息，宝贝儿[亲亲]	praise
2188	好好好，你小姑娘热爱工作 ，尽职尽责	praise
2189	、OK 谢谢；额	thanks
2190	不了不了，谢谢你	thanks
2192	不好意思。支付密码忘了，明天吧谢谢你的服务	thanks
2194	不用了。谢谢	thanks
2195	不用了谢谢	thanks
2196	不用了！谢谢	thanks
2199	不用了，谢谢你	thanks
2200	不用了，谢谢	thanks
2201	不用了 谢谢	thanks
2202	不用了 谢谢 我刚查到了	thanks
2203	不耽误你了，多试几次总会行，谢谢。	thanks
2204	不转了，谢谢	thanks
2205	不需要了谢谢	thanks
2206	了解，谢谢	thanks
2208	你好谢谢！	thanks
2209	再看看吧！谢谢	thanks
2210	再看看天猫谢谢	thanks
2211	可以的，谢谢你啊	thanks
2212	可以的 谢谢你	thanks
2213	可以谢谢	thanks
2214	可以，谢谢！	thanks
2216	可以 谢谢	thanks
2217	可以,谢谢!	thanks
2218	呵呵好的谢谢	thanks
2219	呵呵谢谢！	thanks
2220	哈哈！谢谢了哈！	thanks
2221	哎，好吧，谢谢啦	thanks
2222	哟，那谢谢了	thanks
2223	哦。明白了谢谢	thanks
2224	哦。谢谢	thanks
2225	哦哦。好的。谢谢	thanks
2227	哦哦。 好的知道了。谢谢	thanks
2230	哦哦谢谢啊	thanks
2231	哦哦谢谢	thanks
2232	哦哦！好的，我考虑一下，谢谢。	thanks
2234	哦哦，谢谢	thanks
2235	哦哦，那好。谢谢	thanks
2236	哦哦，那好的，谢谢	thanks
2238	哦哦 好的 谢谢[微笑]	thanks
2239	哦哦 好 谢谢您	thanks
2242	哦哦 谢谢	thanks
2244	哦好吧谢谢	thanks
2247	哦好的谢谢	thanks
2248	哦好的 谢谢啊 我考虑下	thanks
2249	哦好谢谢	thanks
2251	哦谢谢了	thanks
2252	哦谢谢	thanks
2253	哦那明白了谢谢你	thanks
2255	哦！谢谢你的解答	thanks
2257	哦！谢谢！	thanks
2258	哦！谢谢	thanks
2259	哦，好的谢谢	thanks
2260	哦，好的，谢谢了。	thanks
2263	哦，好，谢谢	thanks
2267	哦，知道了。谢谢哈	thanks
2268	哦，知道了。谢谢	thanks
2270	哦，行，谢谢你啦	thanks
2271	哦，谢谢了，明白了	thanks
2272	哦，谢谢了	thanks
2273	哦，谢谢你啦	thanks
2274	哦，谢谢哈	thanks
2276	哦，谢谢啊	thanks
2277	哦，谢谢啦	thanks
2278	哦，谢谢！麻烦晒	thanks
2279	哦，谢谢，麻烦你了	thanks
2280	哦，谢谢	thanks
2281	哦 好的谢谢	thanks
2283	哦 知道了 谢谢	thanks
2284	哦 谢谢了	thanks
2286	哦 谢谢	thanks
2288	哦 那算了 谢谢	thanks
2289	哦.好的.谢谢您!	thanks
2290	哦~~只到了谢谢	thanks
2291	啊那太晚了谢谢啊	thanks
2293	喔喔！谢谢哟！	thanks
2298	喔 谢谢	thanks
2299	喔.谢谢咯	thanks
2300	嗯。知道了。谢谢	thanks
2301	嗯。 谢谢	thanks
2302	嗯呢好的谢谢	thanks
2305	嗯嗯好的谢谢亲	thanks
2306	嗯嗯好的谢谢	thanks
2308	嗯嗯谢谢~我知道啦	thanks
2309	嗯嗯，好的，谢谢…	thanks
2311	嗯嗯，我再考虑哈，谢谢哈	thanks
2312	嗯嗯，知道了，谢谢	thanks
2315	嗯嗯，谢谢	thanks
2316	嗯嗯 好的明白了 谢谢	thanks
2317	嗯嗯 好的 谢谢了	thanks
2318	嗯嗯 清楚了 谢谢	thanks
2320	嗯嗯 谢谢了	thanks
2322	嗯嗯 谢谢	thanks
2323	嗯好的，谢谢哈	thanks
2324	嗯好，懂了，谢谢	thanks
2325	嗯行 谢谢	thanks
2329	嗯，好的，谢谢。	thanks
2331	嗯，好的，谢谢！	thanks
2332	嗯，好，谢谢	thanks
2333	嗯，对，我明白了，谢谢你	thanks
2334	嗯，我去看看。谢谢	thanks
2336	嗯，我考虑考虑吧，谢谢你	thanks
2337	嗯，看到了，谢谢	thanks
2338	嗯，知道了，谢谢	thanks
2340	嗯，谢谢亲	thanks
2341	嗯，谢谢哦	thanks
2342	嗯，谢谢啊	thanks
2344	嗯，谢谢！我再考虑下吧	thanks
2345	嗯，谢谢	thanks
2348	嗯 我在看 谢谢	thanks
2349	嗯 谢谢	thanks
2351	嗷嗷，谢谢	thanks
2352	嘿嘿谢谢你	thanks
2353	噢啦，谢谢	thanks
2354	噢，好吧，谢谢噢，亲	thanks
2355	噢，谢谢	thanks
2356	噢 知道了 谢谢	thanks
2357	太感谢了	thanks
2358	奥！好的谢谢	thanks
2360	奥，知道了 谢谢	thanks
2362	好。谢谢	thanks
2364	好了，谢谢了	thanks
2365	好了，谢谢	thanks
2369	好吧谢谢您的服务、	thanks
2370	好吧谢谢	thanks
2371	好吧！谢谢！	thanks
2372	好吧，我去看看，谢谢你了	thanks
2373	好吧，我看看先，谢谢啊	thanks
2374	好吧，谢谢了啊	thanks
2375	好吧，谢谢你	thanks
2376	好吧，谢谢哈	thanks
2377	好吧，谢谢啊	thanks
2379	好吧，谢谢	thanks
2380	好吧，麻烦了，谢谢	thanks
2381	好吧 我考虑一下 谢谢	thanks
2382	好吧 谢谢你了	thanks
2383	好吧 谢谢啦	thanks
2384	好吧 谢谢	thanks
2385	好吧..谢谢你了	thanks
2386	好吧~ 谢谢了	thanks
2387	好呢谢谢	thanks
2388	好哒好哒姐姐我不打扰你咯，谢谢～[憨笑]	thanks
2390	好哒谢谢	thanks
2391	好哒，谢谢啦	thanks
2395	好滴谢谢	thanks
2396	好滴，谢谢	thanks
2398	好的。。谢谢、。。	thanks
2399	好的。谢谢亲。	thanks
2400	好的。谢谢你啦	thanks
2402	好的。谢谢呢。	thanks
2403	好的。谢谢	thanks
2404	好的。辛苦了。	thanks
2408	好的吧 那谢谢了哦	thanks
2409	好的呢，谢谢	thanks
2410	好的好的，谢谢	thanks
2411	好的就谢谢	thanks
2412	好的知道了谢谢	thanks
2414	好的谢谢了。	thanks
2415	好的谢谢了	thanks
2416	好的谢谢呦	thanks
2418	好的谢谢您了	thanks
2420	好的谢谢！！！	thanks
2421	好的谢谢！	thanks
2425	好的！谢谢啊！	thanks
2426	好的！谢谢啦	thanks
2430	好的，了解。谢谢	thanks
2431	好的，了解了，谢谢。	thanks
2433	好的，已经领取了，谢谢了亲	thanks
2434	好的，我再看看就下单。谢谢您的解答。	thanks
2435	好的，我再看看，谢谢咯！	thanks
2436	好的，我再看看，谢谢	thanks
2437	好的，我再考虑一下，谢谢你啊，再见	thanks
2440	好的，我知道了，谢谢	thanks
2441	好的，我知道了，非常感谢你	thanks
2443	好的，明白了，谢谢！	thanks
2445	好的，明白，谢谢！	thanks
2448	好的，知道了！谢谢	thanks
2451	好的，知道了，谢谢	thanks
2452	好的，知道啦。谢谢啦	thanks
2456	好的，谢谢了	thanks
2457	好的，谢谢亲	thanks
2460	好的，谢谢你	thanks
2461	好的，谢谢哈	thanks
2463	好的，谢谢啊	thanks
2464	好的，谢谢啦！！	thanks
2465	好的，谢谢啦	thanks
2466	好的，谢谢小妹了	thanks
2467	好的，谢谢建议	thanks
2471	好的，谢谢！	thanks
2473	好的，谢谢，我先准备钱	thanks
2474	好的，谢谢，我看看在哪买	thanks
2476	好的，谢谢👌🏻	thanks
2477	好的，谢谢	thanks
2478	好的，谢谢 啊	thanks
2479	好的，谢谢 [再见]	thanks
2480	好的，谢谢!	thanks
2481	好的，谢谢[微笑]	thanks
2482	好的，谢谢[握手]	thanks
2483	好的，谢谢[色]	thanks
2489	好的 找到了 谢谢	thanks
2490	好的 明白了 谢谢	thanks
2491	好的 没其他什么问题了 谢谢	thanks
2492	好的 知道了 谢谢	thanks
2493	好的 谢谢、	thanks
2494	好的 谢谢了	thanks
2495	好的 谢谢了[微笑]	thanks
2497	好的 谢谢你了	thanks
2498	好的 谢谢你哦	thanks
2499	好的 谢谢你	thanks
2507	好的 谢谢	thanks
2508	好的 谢谢 再见	thanks
2510	好的 谢谢[亲亲]	thanks
2511	好的 谢谢[胜利]	thanks
2513	好的 那我试试 谢谢了	thanks
2514	好的,谢谢	thanks
2518	好知道了谢谢	thanks
2519	好谢谢了	thanks
2520	好谢谢啦!	thanks
2521	好谢谢	thanks
2522	好！谢谢您了！	thanks
2524	好！谢谢	thanks
2529	好，谢谢你	thanks
2530	好，谢谢哦。没疑问了	thanks
2532	好 找到了谢谢	thanks
2537	忙你吧，谢谢	thanks
2538	恩好的谢谢	thanks
2539	恩恩，好的，谢谢[微笑]	thanks
2540	恩恩，好，谢谢	thanks
2542	恩，好的。谢谢	thanks
2543	恩，好的，谢谢	thanks
2544	恩，谢谢	thanks
2546	恩 好吧 知道了 谢谢	thanks
2547	恩 好的 谢谢了~	thanks
2549	恩 谢谢了	thanks
2550	恩 谢谢了[微笑]	thanks
2554	您好！手机收到谢谢！	thanks
2555	我先去下单啦！谢谢你	thanks
2558	我再看看，谢谢	thanks
2559	我再看看 谢谢你	thanks
2560	我再等等玫瑰金哈，谢谢	thanks
2562	我再试试，谢谢你	thanks
2564	我已经查到了呢，谢谢	thanks
2566	我搞好了谢谢你	thanks
2567	我没有什么问题了，谢谢你的回答	thanks
2568	我没有问题了谢谢	thanks
2569	我没有问题了 谢谢你	thanks
2570	我清楚了，谢谢您！	thanks
2571	我知道了，谢谢你。	thanks
2573	我知道！谢谢你	thanks
2574	我考虑下先，谢谢	thanks
2576	我考虑考虑，谢谢	thanks
2578	我自己看看吧！，谢谢	thanks
2579	我自己看，谢谢	thanks
2580	我还没细看，谢谢啦	thanks
2581	拜拜，谢谢亲	thanks
2583	操作了，谢谢	thanks
2584	支持外置存储么 谢谢	thanks
2585	收到，谢谢	thanks
2586	收到 谢谢	thanks
2587	明白了。谢谢	thanks
2588	明白了，谢谢	thanks
2590	明白，谢谢	thanks
2594	暂不，谢谢	thanks
2595	暂时不买了！再次谢谢您！	thanks
2596	暂时不用，谢谢	thanks
2597	暂时没了，谢谢	thanks
2598	暂时没有了，谢谢！	thanks
2599	暂时没有了，谢谢	thanks
2600	暂时没有了 谢谢	thanks
2601	暂时没有了,谢谢啦	thanks
2603	木有啦谢谢你	thanks
2604	没了哈谢谢	thanks
2606	没了谢谢	thanks
2607	没了，谢谢你	thanks
2608	没了，谢谢	thanks
2612	没事，不用了，谢谢您啊	thanks
2613	没啦谢谢	thanks
2614	没有。我先考虑哈。谢谢	thanks
2615	没有了哈 谢谢你	thanks
2616	没有了哈 谢谢	thanks
2617	没有了哦，谢谢哈	thanks
2619	没有了，谢谢。	thanks
2623	没有了，非常感谢	thanks
2624	没有了 谢谢你	thanks
2625	没有了 谢谢	thanks
2628	没有疑惑的了，谢谢	thanks
2629	没有谢谢您	thanks
2630	没有问题了，谢谢！	thanks
2632	没问题了。谢谢	thanks
2635	真的太感谢了	thanks
2636	知道了。谢谢	thanks
2637	知道了谢谢	thanks
2638	知道了，我了解一下谢谢	thanks
2639	知道了，谢谢。	thanks
2641	知道了，谢谢亲啦，跟我爸商量下。	thanks
2643	知道了，谢谢！	thanks
2645	知道了，那我明天再试，谢谢	thanks
2646	知道了 谢谢你呢	thanks
2648	知道啦，我可以看，谢谢哦	thanks
2649	稍后下单 谢谢亲	thanks
2650	等等哈，谢谢	thanks
2651	算了，谢谢	thanks
2652	行了，谢谢啦	thanks
2653	行谢谢	thanks
2656	行，谢谢	thanks
2657	行 谢谢你	thanks
2658	行 谢谢	thanks
2659	要的谢谢亲	thanks
2660	要的，谢谢。	thanks
2661	谢谢·	thanks
2662	谢谢、	thanks
2663	谢谢。	thanks
2666	谢谢了哈。麻烦了	thanks
2668	谢谢了啊	thanks
2669	谢谢了！！！	thanks
2670	谢谢了	thanks
2671	谢谢亲了	thanks
2672	谢谢亲爱的	thanks
2673	谢谢亲	thanks
2674	谢谢你了啊	thanks
2675	谢谢你了！您忙吧	thanks
2677	谢谢你了～小妹	thanks
2678	谢谢你了😊	thanks
2681	谢谢你哈	thanks
2682	谢谢你哟	thanks
2683	谢谢你哦	thanks
2684	谢谢你啊	thanks
2685	谢谢你啊 太谢谢了	thanks
2686	谢谢你啦	thanks
2687	谢谢你的优惠券	thanks
2690	谢谢你的耐心	thanks
2691	谢谢你耐心回答	thanks
2692	谢谢你耐心的解答	thanks
2693	谢谢你解答	thanks
2695	谢谢你	thanks
2696	谢谢吧	thanks
2697	谢谢呀	thanks
2698	谢谢呃逆	thanks
2701	谢谢哦	thanks
2702	谢谢哦~~	thanks
2703	谢谢啊，	thanks
2704	谢谢啊	thanks
2706	谢谢啦	thanks
2711	谢谢小妹妹，	thanks
2712	谢谢小葡萄	thanks
2713	谢谢帮助	thanks
2714	谢谢您啦	thanks
2715	谢谢您嘞	thanks
2716	谢谢您！！！！！	thanks
2717	谢谢您	thanks
2718	谢谢解答	thanks
2719	谢谢谢谢	thanks
2720	谢谢谢	thanks
2721	谢谢非常感谢您	thanks
2723	谢谢！没有了	thanks
2724	谢谢！！	thanks
2726	谢谢，么么哒	thanks
2727	谢谢，姐。	thanks
2729	谢谢，没问题了	thanks
2730	谢谢，	thanks
2731	谢谢；	thanks
2735	谢谢😜	thanks
2736	谢谢	thanks
2737	谢谢 好的	thanks
2738	谢谢!	thanks
2739	谢谢[可爱]	thanks
2740	谢谢[微笑]	thanks
2742	谢谢[胜利]	thanks
2743	谢谢[调皮]	thanks
2744	谢谢se	thanks
2746	那好吧！我再考虑一下，谢谢你！	thanks
2747	那好吧，谢谢你了	thanks
2748	那好吧，谢谢	thanks
2750	那就好，谢谢。	thanks
2751	那就算了，回头到店里买吧。谢谢！	thanks
2752	那就这样吧 谢谢了~	thanks
2753	那我就去重新下单了，谢谢！谢谢！	thanks
2754	那我拍下了！谢谢	thanks
2755	那算了，没有信用卡，谢谢啦	thanks
2756	那算了，谢谢了	thanks
2757	那行。谢谢啊	thanks
2758	那行 谢谢。	thanks
2759	那谢谢了！	thanks
2760	那谢谢了	thanks
2762	那谢谢你啦.	thanks
2764	那谢谢	thanks
2765	非常感谢	thanks
2766	领取了，谢谢！	thanks
2768	额 那谢谢了	thanks
2770	👌，谢谢你！	thanks
2771	👌 谢谢	thanks
2772	(⊙o⊙)…好的，谢谢	thanks
2774	OK了谢谢	thanks
2775	OK，明白了，谢谢	thanks
2777	OK 谢谢	thanks
2778	[大哭]谢谢客服	thanks
2779	[微笑] 嗯嗯，好哒，谢谢啦	thanks
2780	[撇嘴]这样啊，知道了。谢谢	thanks
2781	o 谢谢你了	thanks
2782	o 那好吧 谢谢了	thanks
2785	好的了亲[流汗]谢了哈	thanks
2787	谢谢[亲亲]	thanks
2788	thanks	thanks
2789	thank you	thanks
2791	thank you very much	thanks
2793	聪明	praise
2795	你好聪明	praise
2796	你很聪明	praise
2797	你很厉害	praise
2799	真棒！	praise
2800	你真棒	praise
2801	你好棒	praise
2802	你真周到	praise
2804	好评	praise
2805	给你好评	praise
2807	你真笨	critics
2808	hello, 有人吗	greeting
2810	哈喽，有人吗	greeting
2814	江西	neutral
2815	发货	neutral
2816	请你发货	neutral
2817	湖南长沙	neutral
2819	上海	neutral
2821	打不开	neutral
2823	不是	neutral
2824	不	neutral
2825	好	neutral
2826	好~	neutral
2828	呵呵	neutral
2829	网络	neutral
2830	网上	neutral
2831	人	neutral
2832	机器	neutral
2833	地点	neutral
2834	不是吧	neutral
2838	看到了	neutral
2839	看到	neutral
2841	收到	neutral
2842	走	neutral
2843	人物	neutral
2844	颜色	neutral
2846	地点	neutral
2848	行	neutral
2850	哦	neutral
2851	噢	neutral
2853	欧了	neutral
